{"slideHeight":768,
"filename":"Anleitung",
"navigatorEvents":[{"eventName":"Slide 1",
"eventIndex":0}
,{"eventName":"Slide 2",
"eventIndex":1}
,{"eventName":"Slide 3",
"eventIndex":2}
,{"eventName":"Slide 4",
"eventIndex":3}
,{"eventName":"Slide 5",
"eventIndex":4}
,{"eventName":"Slide 6",
"eventIndex":5}
,{"eventName":"Slide 7",
"eventIndex":6}
,{"eventName":"Slide 8",
"eventIndex":7}
,{"eventName":"Slide 9",
"eventIndex":8}
,{"eventName":"Slide 10",
"eventIndex":9}
]
,
"textures":{"s2.b":{"url":"images-1/s2.b.jpeg",
"width":1024,
"height":768}
,
"s8.b":{"url":"images-1/s8.b.jpeg",
"width":1024,
"height":768}
,
"s5.a":{"url":"images-1/s4.b.jpeg",
"width":1024,
"height":768}
,
"s3.b":{"url":"images-1/s3.b.jpeg",
"width":1024,
"height":768}
,
"s9.b":{"url":"images-1/s9.b.jpeg",
"width":1024,
"height":768}
,
"s6.a":{"url":"images-1/s5.b.jpeg",
"width":1024,
"height":768}
,
"s10.b":{"url":"images-1/s10.b.png",
"width":1024,
"height":768}
,
"s4.b":{"url":"images-1/s4.b.jpeg",
"width":1024,
"height":768}
,
"s1.a":{"url":"images-1/s1.a.jpeg",
"width":1024,
"height":768}
,
"s7.a":{"url":"images-1/s6.b.jpeg",
"width":1024,
"height":768}
,
"s10.a":{"url":"images-1/s9.b.jpeg",
"width":1024,
"height":768}
,
"s5.b":{"url":"images-1/s5.b.jpeg",
"width":1024,
"height":768}
,
"thumbnail":{"url":"images-1/thumbnail.jpeg",
"width":458,
"height":344}
,
"s2.a":{"url":"images-1/s1.b.jpeg",
"width":1024,
"height":768}
,
"s8.a":{"url":"images-1/s7.b.jpeg",
"width":1024,
"height":768}
,
"s6.b":{"url":"images-1/s6.b.jpeg",
"width":1024,
"height":768}
,
"s3.a":{"url":"images-1/s2.b.jpeg",
"width":1024,
"height":768}
,
"s9.a":{"url":"images-1/s8.b.jpeg",
"width":1024,
"height":768}
,
"s1.b":{"url":"images-1/s1.b.jpeg",
"width":1024,
"height":768}
,
"s7.b":{"url":"images-1/s7.b.jpeg",
"width":1024,
"height":768}
,
"s4.a":{"url":"images-1/s3.b.jpeg",
"width":1024,
"height":768}
}
,
"title":"Anleitung",
"minorVersion":4,
"timestamp":"2013-11-08 14:40:10",
"slideWidth":1024,
"eventTimelines":[{"automaticPlay":false,
"hyperlinks":[]
,
"eventInitialStates":[{"opacity":1,
"affineTransform":[1,0,0,1,0,0]
,
"texture":"s1.b",
"hidden":0}
,{"opacity":1,
"affineTransform":[1,0,0,1,0,0]
,
"texture":"s1.a",
"hidden":0}
]
,
"eventAnimations":[{"effect":"apple:dissolve",
"actions":[{"beginTime":0,
"from":{"scalar":1}
,
"action":"opacity",
"texture":"s1.a",
"to":{"scalar":0}
,
"timingFunction":"easeInEaseOut",
"duration":1}
]
,
"duration":1,
"animationType":"transition",
"beginTime":0,
"textures":["s1.a"]
}
]
,
"textRegions":[{"targetRectangle":{"y":54,
"width":394,
"x":525,
"height":192}
,
"text":"Das Dienste-Plugin"}
,{"targetRectangle":{"y":244,
"width":406,
"x":519,
"height":338}
,
"text":"Für viele Teilnehmer von Veranstaltungen ist das Stud.IP ein zentraler Anlaufpunkt.\n"}
]
}
,{"automaticPlay":false,
"hyperlinks":[]
,
"eventInitialStates":[{"opacity":1,
"affineTransform":[1,0,0,1,0,0]
,
"texture":"s2.b",
"hidden":0}
,{"opacity":1,
"affineTransform":[1,0,0,1,0,0]
,
"texture":"s2.a",
"hidden":0}
]
,
"eventAnimations":[{"effect":"apple:dissolve",
"actions":[{"beginTime":0,
"from":{"scalar":1}
,
"action":"opacity",
"texture":"s2.a",
"to":{"scalar":0}
,
"timingFunction":"easeInEaseOut",
"duration":1}
]
,
"duration":1,
"animationType":"transition",
"beginTime":0,
"textures":["s2.a"]
}
]
,
"textRegions":[{"targetRectangle":{"y":54,
"width":394,
"x":525,
"height":192}
,
"text":"Das Dienste-Plugin"}
,{"targetRectangle":{"y":244,
"width":406,
"x":519,
"height":338}
,
"text":"Für viele Teilnehmer von Veranstaltungen ist das Stud.IP ein zentraler Anlaufpunkt.\nLeider lassen sich viele Inhalte (z.B. Videos, Webseiten und Dokumente) nur bedingt sinnvoll einbinden.\n"}
]
}
,{"automaticPlay":false,
"hyperlinks":[]
,
"eventInitialStates":[{"opacity":1,
"affineTransform":[1,0,0,1,0,0]
,
"texture":"s3.b",
"hidden":0}
,{"opacity":1,
"affineTransform":[1,0,0,1,0,0]
,
"texture":"s3.a",
"hidden":0}
]
,
"eventAnimations":[{"effect":"apple:dissolve",
"actions":[{"beginTime":0,
"from":{"scalar":1}
,
"action":"opacity",
"texture":"s3.a",
"to":{"scalar":0}
,
"timingFunction":"easeInEaseOut",
"duration":1}
]
,
"duration":1,
"animationType":"transition",
"beginTime":0,
"textures":["s3.a"]
}
]
,
"textRegions":[{"targetRectangle":{"y":54,
"width":394,
"x":525,
"height":192}
,
"text":"Das Dienste-Plugin"}
,{"targetRectangle":{"y":244,
"width":406,
"x":519,
"height":338}
,
"text":"Für viele Teilnehmer von Veranstaltungen ist das Stud.IP ein zentraler Anlaufpunkt.\nLeider lassen sich viele Inhalte (z.B. Videos, Webseiten und Dokumente) nur bedingt sinnvoll einbinden.\nDas Dienste-Plugin versucht dieses Problem zu lösen."}
]
}
,{"automaticPlay":false,
"hyperlinks":[]
,
"eventInitialStates":[{"opacity":1,
"affineTransform":[1,0,0,1,0,0]
,
"texture":"s4.b",
"hidden":0}
,{"opacity":1,
"affineTransform":[1,0,0,1,0,0]
,
"texture":"s4.a",
"hidden":0}
]
,
"eventAnimations":[{"effect":"apple:dissolve",
"actions":[{"beginTime":0,
"from":{"scalar":1}
,
"action":"opacity",
"texture":"s4.a",
"to":{"scalar":0}
,
"timingFunction":"easeInEaseOut",
"duration":1}
]
,
"duration":1,
"animationType":"transition",
"beginTime":0,
"textures":["s4.a"]
}
]
,
"textRegions":[{"targetRectangle":{"y":54,
"width":394,
"x":525,
"height":192}
,
"text":"Neue Inhalte für das Stud.IP"}
,{"targetRectangle":{"y":244,
"width":406,
"x":519,
"height":450}
,
"text":"Das Dienste-Plugin erlaubt Nutzern das Einbinden von Inhalten"}
,{"targetRectangle":{"y":333.9739,
"width":-99.99995,
"x":303.9738,
"height":100.1043}
,
"text":""}
]
}
,{"automaticPlay":false,
"hyperlinks":[]
,
"eventInitialStates":[{"opacity":1,
"affineTransform":[1,0,0,1,0,0]
,
"texture":"s5.b",
"hidden":0}
,{"opacity":1,
"affineTransform":[1,0,0,1,0,0]
,
"texture":"s5.a",
"hidden":0}
]
,
"eventAnimations":[{"effect":"apple:dissolve",
"actions":[{"beginTime":0,
"from":{"scalar":1}
,
"action":"opacity",
"texture":"s5.a",
"to":{"scalar":0}
,
"timingFunction":"easeInEaseOut",
"duration":1}
]
,
"duration":1,
"animationType":"transition",
"beginTime":0,
"textures":["s5.a"]
}
]
,
"textRegions":[{"targetRectangle":{"y":54,
"width":394,
"x":525,
"height":192}
,
"text":"Neue Inhalte für das Stud.IP"}
,{"targetRectangle":{"y":244,
"width":406,
"x":519,
"height":450}
,
"text":"Das Dienste-Plugin erlaubt Nutzern das Einbinden von Inhalten\nDabei wird unterscheiden zwischen: \nInhalten für einen Ort (z.B. einem Raumplan)\n"}
]
}
,{"automaticPlay":false,
"hyperlinks":[]
,
"eventInitialStates":[{"opacity":1,
"affineTransform":[1,0,0,1,0,0]
,
"texture":"s6.b",
"hidden":0}
,{"opacity":1,
"affineTransform":[1,0,0,1,0,0]
,
"texture":"s6.a",
"hidden":0}
]
,
"eventAnimations":[{"effect":"apple:dissolve",
"actions":[{"beginTime":0,
"from":{"scalar":1}
,
"action":"opacity",
"texture":"s6.a",
"to":{"scalar":0}
,
"timingFunction":"easeInEaseOut",
"duration":1}
]
,
"duration":1,
"animationType":"transition",
"beginTime":0,
"textures":["s6.a"]
}
]
,
"textRegions":[{"targetRectangle":{"y":54,
"width":394,
"x":525,
"height":192}
,
"text":"Neue Inhalte für das Stud.IP"}
,{"targetRectangle":{"y":244,
"width":406,
"x":519,
"height":450}
,
"text":"Das Dienste-Plugin erlaubt Nutzern das Einbinden von Inhalten\nDabei wird unterscheiden zwischen: \nInhalten für einen Ort (z.B. einem Raumplan)\nInhalten für eine Veranstaltung  (z.B. eine Vorlesungsaufzeichnung)\n"}
]
}
,{"automaticPlay":false,
"hyperlinks":[]
,
"eventInitialStates":[{"opacity":1,
"affineTransform":[1,0,0,1,0,0]
,
"texture":"s7.b",
"hidden":0}
,{"opacity":1,
"affineTransform":[1,0,0,1,0,0]
,
"texture":"s7.a",
"hidden":0}
]
,
"eventAnimations":[{"effect":"apple:dissolve",
"actions":[{"beginTime":0,
"from":{"scalar":1}
,
"action":"opacity",
"texture":"s7.a",
"to":{"scalar":0}
,
"timingFunction":"easeInEaseOut",
"duration":1}
]
,
"duration":1,
"animationType":"transition",
"beginTime":0,
"textures":["s7.a"]
}
]
,
"textRegions":[{"targetRectangle":{"y":244,
"width":406,
"x":519,
"height":450}
,
"text":"Zum Einbinden fügen Sie die Dienstinformationen im Formular ein.\n"}
,{"targetRectangle":{"y":54,
"width":394,
"x":525,
"height":192}
,
"text":"Einbinden von Inhalten"}
]
}
,{"automaticPlay":false,
"hyperlinks":[]
,
"eventInitialStates":[{"opacity":1,
"affineTransform":[1,0,0,1,0,0]
,
"texture":"s8.b",
"hidden":0}
,{"opacity":1,
"affineTransform":[1,0,0,1,0,0]
,
"texture":"s8.a",
"hidden":0}
]
,
"eventAnimations":[{"effect":"apple:dissolve",
"actions":[{"beginTime":0,
"from":{"scalar":1}
,
"action":"opacity",
"texture":"s8.a",
"to":{"scalar":0}
,
"timingFunction":"easeInEaseOut",
"duration":1}
]
,
"duration":1,
"animationType":"transition",
"beginTime":0,
"textures":["s8.a"]
}
]
,
"textRegions":[{"targetRectangle":{"y":244,
"width":406,
"x":519,
"height":450}
,
"text":"Zum Einbinden fügen Sie die Dienstinformationen im Formular ein.\nDie Zielgruppe bestimmt, wem diese Dienste angezeigt werden.\n"}
,{"targetRectangle":{"y":54,
"width":394,
"x":525,
"height":192}
,
"text":"Einbinden von Inhalten"}
]
}
,{"automaticPlay":false,
"hyperlinks":[]
,
"eventInitialStates":[{"opacity":1,
"affineTransform":[1,0,0,1,0,0]
,
"texture":"s9.b",
"hidden":0}
,{"opacity":1,
"affineTransform":[1,0,0,1,0,0]
,
"texture":"s9.a",
"hidden":0}
]
,
"eventAnimations":[{"effect":"apple:dissolve",
"actions":[{"beginTime":0,
"from":{"scalar":1}
,
"action":"opacity",
"texture":"s9.a",
"to":{"scalar":0}
,
"timingFunction":"easeInEaseOut",
"duration":1}
]
,
"duration":1,
"animationType":"transition",
"beginTime":0,
"textures":["s9.a"]
}
]
,
"textRegions":[{"targetRectangle":{"y":244,
"width":406,
"x":519,
"height":450}
,
"text":"Zum Einbinden fügen Sie die Dienstinformationen im Formular ein.\nDie Zielgruppe bestimmt, wem diese Dienste angezeigt werden.\nWird ein Inhalt mit einem Ort verknüpft ist er für alle Veranstaltungen an diesem Ort sichtbar.\n"}
,{"targetRectangle":{"y":54,
"width":394,
"x":525,
"height":192}
,
"text":"Einbinden von Inhalten"}
]
}
,{"automaticPlay":false,
"hyperlinks":[]
,
"eventInitialStates":[{"opacity":1,
"affineTransform":[1,0,0,1,0,0]
,
"texture":"s10.b",
"hidden":0}
,{"opacity":1,
"affineTransform":[1,0,0,1,0,0]
,
"texture":"s10.a",
"hidden":0}
]
,
"eventAnimations":[{"effect":"apple:dissolve",
"actions":[{"beginTime":0,
"from":{"scalar":1}
,
"action":"opacity",
"texture":"s10.a",
"to":{"scalar":0}
,
"timingFunction":"easeInEaseOut",
"duration":1}
]
,
"duration":1,
"animationType":"transition",
"beginTime":0,
"textures":["s10.a"]
}
]
,
"textRegions":[{"targetRectangle":{"y":244,
"width":406,
"x":519,
"height":450}
,
"text":"Zum Einbinden fügen Sie die Dienstinformationen im Formular ein.\nDie Zielgruppe bestimmt, wem diese Dienste angezeigt werden.\nWird ein Inhalt mit einem Ort verknüpft ist er für alle Veranstaltungen an diesem Ort sichtbar.\nBitte beachten Sie, dass Sie für die von Ihnen eingestelten Inhalte verantwortlich sind.\n"}
,{"targetRectangle":{"y":54,
"width":394,
"x":525,
"height":192}
,
"text":"Einbinden von Inhalten"}
]
}
]
,
"loopSlideshow":0,
"showMode":0,
"majorVersion":0,
"notes":{}
,
"creator":"Apple Keynote 5.3",
"author":"",
"comment":"",
"pageCount":10,
"scalefactor480":0.3310547,
"slideCount":10}
